Interaction Type,Directory,RESNR,RESTYPE,RESCHAIN,RESNR_LIG,RESTYPE_LIG,RESCHAIN_LIG,SIDECHAIN,DIST_H-A,DIST_D-A,DON_ANGLE,PROTISDON,DONORIDX,DONORTYPE,ACCEPTORIDX,ACCEPTORTYPE,LIGCOO,PROTCOO
Hydrogen Bond,WSA251_conformation7,257,LEU,a,1,UNL,Z,False,1.82,2.86,169.89,False,6,N3,15844,O2,"173.052, 185.418, 280.682","171.562, 183.004, 281.007"
Hydrogen Bond,WSA236_conformation8,257,LEU,a,1,UNL,Z,False,1.88,2.91,165.41,False,5,N3,15832,O2,"172.604, 185.687, 280.600","171.562, 183.004, 281.007"
Hydrogen Bond,WSA236_conformation1,64,MET,R,1,UNL,Z,False,2.39,3.17,130.19,False,5,N3,10650,O2,"175.461, 186.871, 282.519","177.515, 189.272, 282.244"
Hydrogen Bond,WSA255_conformation7,60,ASP,R,1,UNL,Z,True,2.49,3.41,146.64,False,5,N3,10604,O.co2,"175.357, 189.061, 272.516","178.602, 189.646, 273.404"
Hydrogen Bond,WSA255_conformation9,260,PRO,a,1,UNL,Z,False,2.65,3.31,120.46,False,5,N3,15881,O2,"173.274, 183.114, 271.489","173.787, 181.817, 274.488"
Hydrogen Bond,WSA251_conformation1,64,MET,R,1,UNL,Z,False,2.11,2.85,126.2,False,6,N3,10662,O2,"175.523, 187.235, 282.064","177.515, 189.272, 282.244"
Hydrogen Bond,WSA256_conformation1,257,LEU,a,1,UNL,Z,False,2.17,3.03,137.11,False,5,N3,15833,O2,"173.268, 185.006, 282.505","171.562, 183.004, 281.007"
Hydrogen Bond,WSA256_conformation9,264,PHE,a,1,UNL,Z,False,3.52,3.94,107.12,True,15943,Nam,5,N3,"173.858, 183.135, 271.682","176.081, 180.351, 273.375"
Hydrogen Bond,WSA253_conformation2,257,LEU,a,1,UNL,Z,False,1.88,2.9,161.01,False,9,N3,15840,O2,"173.016, 185.229, 282.159","171.562, 183.004, 281.007"
Hydrogen Bond,WSA257_conformation5,53,PHE,R,1,UNL,Z,False,3.08,3.99,146.84,False,7,N3,10481,O2,"175.280, 189.302, 269.260","177.723, 187.933, 266.412"
Hydrogen Bond,WSA253_conformation4,64,MET,R,1,UNL,Z,False,2.08,3.0,145.82,False,9,N3,10658,O2,"175.631, 186.988, 282.743","177.515, 189.272, 282.244"
Hydrogen Bond,WSA253_conformation4,68,GLY,R,1,UNL,Z,False,3.63,4.09,110.0,True,10714,Nam,9,N3,"175.631, 186.988, 282.743","176.843, 189.790, 285.462"
Hydrogen Bond,WSA257_conformation4,257,LEU,a,1,UNL,Z,False,2.47,3.16,122.3,False,7,N3,15828,O2,"172.592, 185.369, 279.180","171.562, 183.004, 281.007"
Hydrogen Bond,WSA238_conformation9,257,LEU,a,1,UNL,Z,False,2.81,3.26,105.89,False,5,N3,15835,O2,"173.343, 185.732, 280.989","171.562, 183.004, 281.007"
Hydrogen Bond,WSA250_conformation3,56,ALA,R,1,UNL,Z,False,2.87,3.75,141.53,False,7,N3,10539,O2,"175.774, 189.300, 271.291","179.385, 190.005, 270.576"
Hydrogen Bond,WSA248_conformation1,257,LEU,a,1,UNL,Z,False,2.24,3.1,138.15,False,2,N3,15833,O2,"173.287, 184.970, 282.667","171.562, 183.004, 281.007"
Hydrogen Bond,WSA262_conformation6,60,ASP,R,1,UNL,Z,True,2.42,3.32,143.56,False,5,N3,10618,O.co2,"176.038, 189.708, 271.291","178.602, 189.646, 273.404"
Hydrogen Bond,WSA262_conformation1,256,ALA,a,1,UNL,Z,False,2.12,2.97,137.05,False,5,N3,15839,O2,"169.234, 186.986, 278.420","168.428, 184.130, 278.474"
Hydrogen Bond,WSA269_conformation2,257,LEU,a,1,UNL,Z,False,2.53,3.24,124.64,False,5,N3,15843,O2,"173.720, 185.332, 281.669","171.562, 183.004, 281.007"
Hydrogen Bond,WSA238_conformation1,64,MET,R,1,UNL,Z,False,2.84,3.24,102.65,False,5,N3,10653,O2,"175.431, 186.869, 281.646","177.515, 189.272, 282.244"
Hydrogen Bond,WSA238_conformation1,261,TRP,a,1,UNL,Z,True,3.72,4.05,101.53,True,15902,Nar,5,N3,"175.431, 186.869, 281.646","177.366, 183.771, 279.908"
Hydrogen Bond,WSA238_conformation6,56,ALA,R,1,UNL,Z,False,2.81,3.7,141.81,False,5,N3,10546,O2,"175.851, 189.269, 271.367","179.385, 190.005, 270.576"
Hydrogen Bond,WSA251_conformation4,64,MET,R,1,UNL,Z,False,3.41,4.05,120.56,False,6,N3,10662,O2,"175.508, 186.211, 283.968","177.515, 189.272, 282.244"
Hydrogen Bond,WSA236_conformation5,245,LEU,a,1,UNL,Z,False,3.03,4.07,170.89,False,5,N3,15618,O2,"173.330, 185.163, 286.671","172.505, 182.364, 289.506"
Hydrogen Bond,WSA249_conformation8,261,TRP,a,1,UNL,Z,False,3.66,4.09,107.66,True,15890,Nam,2,N3,"172.274, 185.632, 278.414","172.987, 182.046, 276.584"
Hydrogen Bond,WSA255_conformation2,257,LEU,a,1,UNL,Z,False,2.42,3.2,129.96,False,5,N3,15835,O2,"172.360, 185.373, 279.017","171.562, 183.004, 281.007"
Hydrogen Bond,WSA249_conformation9,260,PRO,a,1,UNL,Z,False,3.18,3.72,113.12,False,2,N3,15879,O2,"172.887, 183.652, 271.376","173.787, 181.817, 274.488"
Hydrogen Bond,WSA236_conformation3,60,ASP,R,1,UNL,Z,True,3.15,3.77,119.29,False,5,N3,10602,O.co2,"175.544, 189.015, 271.009","177.043, 191.156, 273.730"
Hydrogen Bond,WSA270_conformation7,60,ASP,R,1,UNL,Z,True,3.14,3.85,126.09,False,7,N3,10608,O.co2,"175.651, 189.441, 270.580","177.043, 191.156, 273.730"
Hydrogen Bond,WSA251_conformation5,260,PRO,a,1,UNL,Z,False,3.09,4.09,160.48,False,6,N3,15890,O2,"174.234, 185.339, 276.520","173.787, 181.817, 274.488"
Hydrogen Bond,WSA251_conformation2,53,PHE,R,1,UNL,Z,False,3.06,4.08,163.8,False,6,N3,10497,O2,"175.273, 189.723, 269.136","177.723, 187.933, 266.412"
Hydrogen Bond,WSA256_conformation5,53,PHE,R,1,UNL,Z,False,3.63,4.09,109.12,False,5,N3,10486,O2,"175.773, 185.451, 269.016","177.723, 187.933, 266.412"
Hydrogen Bond,WSA256_conformation2,68,GLY,R,1,UNL,Z,False,3.24,3.91,123.37,False,5,N3,10710,O2,"174.353, 185.840, 286.935","176.031, 188.885, 288.734"
Hydrogen Bond,WSA257_conformation1,68,GLY,R,1,UNL,Z,False,2.93,3.62,123.18,False,7,N3,10705,O2,"173.681, 186.202, 289.327","176.031, 188.885, 288.734"
Hydrogen Bond,WSA261_conformation2,256,ALA,a,1,UNL,Z,False,1.96,2.86,143.22,False,5,N3,15832,O2,"170.446, 186.151, 278.299","168.428, 184.130, 278.474"
Hydrogen Bond,WSA253_conformation9,57,GLY,R,1,UNL,Z,False,3.51,4.05,114.69,True,10558,Nam,9,N3,"176.760, 185.301, 267.534","178.752, 188.486, 269.043"
Hydrogen Bond,WSA262_conformation2,246,ILE,a,1,UNL,Z,False,2.32,3.33,162.32,False,5,N3,15654,O2,"169.685, 184.599, 287.586","169.516, 181.278, 287.730"
Hydrogen Bond,WSA262_conformation5,57,GLY,R,1,UNL,Z,False,3.03,4.06,166.72,False,5,N3,10570,O2,"176.846, 186.346, 274.480","179.953, 186.950, 271.943"
Hydrogen Bond,WSA254_conformation7,53,PHE,R,1,UNL,Z,False,3.56,4.03,109.53,False,5,N3,10485,O2,"175.463, 189.015, 269.562","177.723, 187.933, 266.412"
Hydrogen Bond,WSA238_conformation3,60,ASP,R,1,UNL,Z,True,2.2,3.05,137.21,False,5,N3,10604,O.co2,"177.261, 186.904, 273.384","178.602, 189.646, 273.404"
Hydrogen Bond,WSA269_conformation7,257,LEU,a,1,UNL,Z,False,2.71,3.3,115.07,False,5,N3,15843,O2,"173.332, 185.753, 281.436","171.562, 183.004, 281.007"
Hydrogen Bond,WSA250_conformation9,64,MET,R,1,UNL,Z,False,3.54,3.91,103.03,False,7,N3,10646,O2,"174.799, 186.538, 282.919","177.515, 189.272, 282.244"
Hydrogen Bond,WSA250_conformation7,245,LEU,a,1,UNL,Z,False,3.01,3.45,106.19,False,7,N3,15614,O2,"173.626, 184.858, 287.404","172.505, 182.364, 289.506"
Hydrogen Bond,WSA248_conformation5,257,LEU,a,1,UNL,Z,False,2.42,3.26,136.51,False,2,N3,15833,O2,"173.445, 185.646, 281.338","171.562, 183.004, 281.007"
Hydrogen Bond,WSA254_conformation1,257,LEU,a,1,UNL,Z,False,2.25,3.0,127.64,False,5,N3,15832,O2,"173.452, 185.167, 281.874","171.562, 183.004, 281.007"
Hydrogen Bond,WSA262_conformation3,68,GLY,R,1,UNL,Z,False,2.65,3.22,114.12,False,5,N3,10726,O2,"174.031, 186.591, 289.791","176.031, 188.885, 288.734"
Hydrogen Bond,WSA250_conformation6,64,MET,R,1,UNL,Z,False,3.2,3.73,112.69,False,7,N3,10646,O2,"175.015, 187.184, 280.424","177.515, 189.272, 282.244"
Hydrogen Bond,WSA238_conformation5,56,ALA,R,1,UNL,Z,False,2.74,3.64,144.79,False,5,N3,10546,O2,"175.912, 189.277, 271.401","179.385, 190.005, 270.576"
Hydrogen Bond,WSA238_conformation2,64,MET,R,1,UNL,Z,False,3.17,3.63,108.22,False,5,N3,10653,O2,"175.020, 187.291, 280.498","177.515, 189.272, 282.244"
